860160	/srv/runr/state/rc027-linkedin-6e9a1e9301ffca644aca916aad6fc8827e4a792d
77824	/srv/runr/state/rc027-proxy-547ff5a7
8192	/srv/runr/state/catalog-compact-candidate
23147192320	/srv/runr/state/versions
4096	/srv/runr/state/rc027-budget
413728768	/srv/runr/state/enrichment
3452928	/srv/runr/state/rc027-repair-466541b3
8192	/srv/runr/state/catalog-storage-reduction
8192	/srv/runr/state/catalog-history-fast-trial
77824	/srv/runr/state/rc027-discovery-42f150f5
24576	/srv/runr/state/rc027-direct-2ab1da7f
114688	/srv/runr/state/rc027-browser-15f58623
83918848	/srv/runr/state/employer
3479285760	/srv/runr/state/linkedin
32768	/srv/runr/state/catalog-exact-deduplication
8192	/srv/runr/state/catalog-json-deduplication
65536	/srv/runr/state/rc027-employer-6e9a1e9301ffca644aca916aad6fc8827e4a792d
4096	/srv/runr/state/locks
27237502976	/srv/runr/state
89944064	/srv/runr/staging/0ec76fbdfe4948488bd40a5c7b43a0db4a67a809
91045888	/srv/runr/staging/ffd788a5c7b100283e49b2043e322ada15348336
91324416	/srv/runr/staging/5affb1c2bdae25e64cd4ab9c00cfe9c691333fc7
171712512	/srv/runr/staging/cb920b9033bb5879a30cdff175061ea89a40eb8c
444030976	/srv/runr/staging
4096	/srv/runr/app-data/rc027-d326726a
22319104	/srv/runr/app-data/rc027-6e9a1e9301ffca644aca916aad6fc8827e4a792d
22327296	/srv/runr/app-data
8192	/srv/runr/verification/0ec76fbdfe4948488bd40a5c7b43a0db4a67a809
45056	/srv/runr/verification/run33-run34-20260926
57344	/srv/runr/verification
125530112	/srv/runr/rc027-evidence/d326726acab7fffbbf59e294629b8ef002437566
4096	/srv/runr/rc027-evidence/6e9a1e9301ffca644aca916aad6fc8827e4a792d
125538304	/srv/runr/rc027-evidence
24174592	/srv/runr/exports/acquisition-live-ab1a6a32
94208	/srv/runr/exports/rc027-proxy-547ff5a7
16740352	/srv/runr/exports/rc027-repair-466541b3
78565376	/srv/runr/exports/t42-attempt11-20260925
8192	/srv/runr/exports/t42-attempt07-20260925
8192	/srv/runr/exports/t42-attempt06-20260925
56877056	/srv/runr/exports/rc027
94208	/srv/runr/exports/rc027-discovery-42f150f5
20480	/srv/runr/exports/rc027-direct-2ab1da7f
135168	/srv/runr/exports/rc027-browser-15f58623
565817344	/srv/runr/exports/employer
3368026112	/srv/runr/exports/linkedin
28672	/srv/runr/exports/t42-attempt10-20260925
1575350272	/srv/runr/exports/t42-d21a3901
1654489088	/srv/runr/exports/t42-attempt08-20260925
1654476800	/srv/runr/exports/t42-attempt09-20260925
1191936	/srv/runr/exports/receipts
1653915648	/srv/runr/exports/t42-attempt05-20260924
10673410048	/srv/runr/exports
32768	/srv/runr/migration-20261010
8859648	/srv/runr/ops/blue-employer-cleanup-2026-10-09
16384	/srv/runr/ops/vps-migration-pause-20261010
28672	/srv/runr/ops/cleanup-20261011
34463744	/srv/runr/ops/alloy-repair-20261010
43380736	/srv/runr/ops
3460788224	/srv/runr/shared/inputs
3460792320	/srv/runr/shared
98033664	/srv/runr/releases/publication-recovery-46f38c029e1050e49a7834fb6c2e51905e90edb1-blue-policy-20261009-v2
97972224	/srv/runr/releases/publication-recovery-46f38c029e1050e49a7834fb6c2e51905e90edb1
92303360	/srv/runr/releases/acquisition-1876f91a66e56e2c9e3430269629353fb76d4055
92291072	/srv/runr/releases/acquisition-7ff1683c4b72ce061000c524e127383abab5abbb
97505280	/srv/runr/releases/acquisition-storage-b756fb554d5f77c459961ead99b01d439f4e65bf
92282880	/srv/runr/releases/acquisition-2ee3b5e233c055106418c9b004b9d1983ea32684
92295168	/srv/runr/releases/acquisition-6e3168d984ab57d7cc1f2c333c9ddcfb1db13d95
92798976	/srv/runr/releases/acquisition-42e2767541fa30c199af8faf65fe51d224ba977d
97968128	/srv/runr/releases/catalog-storage-7bf1a6682806b85d4cfe0f2144a8b44faef27710-blue-policy-20261009
91045888	/srv/runr/releases/acquisition-ffd788a5c7b100283e49b2043e322ada15348336
97964032	/srv/runr/releases/catalog-storage-staged-trial-20261008
97812480	/srv/runr/releases/catalog-storage-ebf127e35127dbd255686209a3ee7b18d767a637
92200960	/srv/runr/releases/acquisition-fed318c58fd93a9185b6654b44f074a95f597483
95236096	/srv/runr/releases/acquisition-9efc3097d908f9e8fb3dfdf8b8501d93cab06fb6
96251904	/srv/runr/releases/acquisition-247ba6147d229ce706e9627608794b296c1b9bbd
97820672	/srv/runr/releases/catalog-storage-3f12d819d02bc0d5867165ca9dd21717eadb57c4
97845248	/srv/runr/releases/catalog-storage-42effeb8c95f4d6b03810aae3e15ea25921f97b0
97918976	/srv/runr/releases/catalog-storage-ab1f09222aec4cc1f75132d6e1c86bcd768ec774
97955840	/srv/runr/releases/catalog-deduplication-df93db9d
92217344	/srv/runr/releases/acquisition-0c7b61f2c8f17dcd51e54e5909806ee4da300706
97841152	/srv/runr/releases/catalog-storage-5d34149b55576c32a8c4427059281e3d7978a990
95227904	/srv/runr/releases/acquisition-f3e657a21b472cbb9253c46f80e841e8cc8685a0
96452608	/srv/runr/releases/acquisition-1ddbe896464c7b48073495d8847878579765b31e
97914880	/srv/runr/releases/catalog-storage-e72048fc148cbee77e236dafa1f51e447bca1ef3
91738112	/srv/runr/releases/acquisition-73bdea3313e681c21c79c61b24e9d0e9dc0c158d
97959936	/srv/runr/releases/catalog-storage-7bf1a6682806b85d4cfe0f2144a8b44faef27710-blue-policy-20261009-v2
125411328	/srv/runr/releases/customer-ebaa4147
97878016	/srv/runr/releases/catalog-storage-698698115da44b98dcaae9382ba330ff702abf55
97931264	/srv/runr/releases/catalog-storage-4620007e3207d2c8bd06b2cf73fee6083b28b853
95223808	/srv/runr/releases/acquisition-bad6e8db1731315482ac6e7bf243896cd1c07206
92188672	/srv/runr/releases/acquisition-4ae40cfd66befae195205dcdd0ecf1a4b2873435
97611776	/srv/runr/releases/description-88dfccd1e311855eff3dc6ee79e5b2c836f6ec1e
97611776	/srv/runr/releases/description-493d3dada2031415ffd27e8e9ef636731c8e80f8
96210944	/srv/runr/releases/acquisition-88006bc55f182c150a70a61a2d04891f1c531187
97533952	/srv/runr/releases/description-77ffd7c2cb84b1fda3f11d13f7bd7595cc406167
95219712	/srv/runr/releases/acquisition-ace243203ecfbeb50c8ca3cb5a6d023df1a939e7
95236096	/srv/runr/releases/acquisition-8c150a98b70da1cb1a08786923c6d5eef8f5e252
98037760	/srv/runr/releases/publication-recovery-46f38c029e1050e49a7834fb6c2e51905e90edb1-blue-policy-20261009
95178752	/srv/runr/releases/acquisition-c710762bbf416f44ab89a2ece46ddcc60d8a4e2f
96444416	/srv/runr/releases/acquisition-d40df6d301e615c5a06364825fd19e02efa403dc
95236096	/srv/runr/releases/acquisition-e189ebe54592ea2518359367192fcdc30b67ea5c
95178752	/srv/runr/releases/acquisition-86089cbc1e2631202802eb1c51ae62aee249ada9
90877952	/srv/runr/releases/run41-d686fdb71cafbb2904d906e1c5acd2f45bc8e722-tested
97579008	/srv/runr/releases/description-b18f0e20a28adaf739ce28c2fc6ab6caa4ca53cb
97574912	/srv/runr/releases/acquisition-storage-1e88a9b4b26544061006c8d90d1e3be829e4f766
92295168	/srv/runr/releases/acquisition-40a6ec2d20b4147194cdeeaa629e2babdf28fdb3
94662656	/srv/runr/releases/run41-0b323064e1e66134185d2876a505c4231ad34ecb-tested
125362176	/srv/runr/releases/customer-56deb5a5
95342592	/srv/runr/releases/acquisition-dbc960afbb78df1adc74d488fbaae697e5f11949
93732864	/srv/runr/releases/catalog-storage-dee730cb3b9564a83500d881ad25a75d787ca9fc
96321536	/srv/runr/releases/acquisition-a82d0940f0b3fa4b68d0890b989fddb30a499ed2
91054080	/srv/runr/releases/acquisition-ade9c3f744d08b2e837ef73ccdc741c6c7ea4ab8
92319744	/srv/runr/releases/acquisition-38946a90991af86bf92303cb2db622e1531654c6
97816576	/srv/runr/releases/catalog-storage-c44e189ab4ef152377d4a3cbe1560ad5d37afeaa
90771456	/srv/runr/releases/run41-4979cd6d2fdca2cb1c4f284c8590fe3ddc57c218-tested
92119040	/srv/runr/releases/run41-56352359c65aafe8c899eb7be2dbbe44fbd391c8-tested
90877952	/srv/runr/releases/run41-7ffe0f8c643f780a455835777d278c6aaed23e2b-tested
92282880	/srv/runr/releases/acquisition-142c0247df135128f385c9e6b861ee9c1cf10b7a
96440320	/srv/runr/releases/acquisition-5cc0f83ca458d340461f4dcc851d3edbf24f8f77
97624064	/srv/runr/releases/description-60097a9838c4e3d52f119127b6cb23025e52d0da
97030144	/srv/runr/releases/description-483e79ac7b8bfab77b43f8d7a02d860d6454a87c
91049984	/srv/runr/releases/acquisition-c603dec6494eaf98dbf21f130e08e7a767b99b5a
92282880	/srv/runr/releases/acquisition-6ea686ed2a41a0b52788b42c625e99d22889f0c0
96452608	/srv/runr/releases/description-a8f85bbcefdc3027d4acc01f2652ec05fd557d22
97906688	/srv/runr/releases/catalog-storage-7bf1a6682806b85d4cfe0f2144a8b44faef27710
112836608	/srv/runr/releases/customer-4a902a31
95236096	/srv/runr/releases/acquisition-306bbfc6d26ee27c5ff10d5254a4403ab70df8de
6460850176	/srv/runr/releases
23277568	/srv/runr/evidence/t42-attempt11-20260925
23261184	/srv/runr/evidence/t42-attempt07-20260925
23261184	/srv/runr/evidence/t42-attempt06-20260925
23277568	/srv/runr/evidence/t42-attempt10-20260925
23285760	/srv/runr/evidence/t42-attempt08-20260925
23277568	/srv/runr/evidence/t42-attempt09-20260925
139644928	/srv/runr/evidence
32768	/srv/runr/backups/catalog-storage-release-7bf1a6682806b85d4cfe0f2144a8b44faef27710
16384	/srv/runr/backups/catalog-storage-release-5d34149b55576c32a8c4427059281e3d7978a990
16384	/srv/runr/backups/catalog-storage-release-698698115da44b98dcaae9382ba330ff702abf55
16384	/srv/runr/backups/catalog-storage-release-42effeb8c95f4d6b03810aae3e15ea25921f97b0
16384	/srv/runr/backups/storage-release-b756fb554d5f77c459961ead99b01d439f4e65bf
8192	/srv/runr/backups/rc027
1110233088	/srv/runr/backups/employer
14622003200	/srv/runr/backups/linkedin
16384	/srv/runr/backups/catalog-storage-release-dee730cb3b9564a83500d881ad25a75d787ca9fc
790528	/srv/runr/backups/rc027-offhost-20260909
16384	/srv/runr/backups/storage-release-1e88a9b4b26544061006c8d90d1e3be829e4f766
8386318336	/srv/runr/backups/catalog-storage-20261008
24119488512	/srv/runr/backups
7884800	/srv/runr/rc027-runtime/6e9a1e9301ffca644aca916aad6fc8827e4a792d
7888896	/srv/runr/rc027-runtime
72734949376	/srv/runr
12288	/opt/runr-t42-units-rollback-20260924/runr-acquisition-worker.service.d
4096	/opt/runr-t42-units-rollback-20260924/runr-acquisition-publisher.service.d
4096	/opt/runr-t42-units-rollback-20260924/runr-acquisition-linkedin.service.d
4096	/opt/runr-t42-units-rollback-20260924/runr-acquisition-employer.service.d
69632	/opt/runr-t42-units-rollback-20260924
68874240	/opt/runr-profile-matching/releases
68882432	/opt/runr-profile-matching
393011200	/opt/python/3.12.7
393015296	/opt/python
1497419776	/opt/runr-description-worker/releases
1497427968	/opt/runr-description-worker
94732288	/opt/runr.rollback/t42-release-6603443
94736384	/opt/runr.rollback
53248	/opt/runr-ops/__pycache__
43376640	/opt/runr-ops/backups
43683840	/opt/runr-ops
80326656	/opt/runr-staging/8bc2efd47990bffe6b792f76da1bdec521b45dae
80330752	/opt/runr-staging
1269760	/opt/runr-t42-stage-20260924-6603443a/apps
1736704	/opt/runr-t42-stage-20260924-6603443a/screenshots
10612736	/opt/runr-t42-stage-20260924-6603443a/backend
1355776	/opt/runr-t42-stage-20260924-6603443a/scripts
364544	/opt/runr-t42-stage-20260924-6603443a/.cline
58818560	/opt/runr-t42-stage-20260924-6603443a/data
2818048	/opt/runr-t42-stage-20260924-6603443a/tests
753664	/opt/runr-t42-stage-20260924-6603443a/runr_automation
4562944	/opt/runr-t42-stage-20260924-6603443a/docs
352256	/opt/runr-t42-stage-20260924-6603443a/packages
8192	/opt/runr-t42-stage-20260924-6603443a/tools
176128	/opt/runr-t42-stage-20260924-6603443a/deploy
16384	/opt/runr-t42-stage-20260924-6603443a/.codex
1798144	/opt/runr-t42-stage-20260924-6603443a/artifacts
53248	/opt/runr-t42-stage-20260924-6603443a/Company-Urls
4431872	/opt/runr-t42-stage-20260924-6603443a/frontend
167936	/opt/runr-t42-stage-20260924-6603443a/user_config
16384	/opt/runr-t42-stage-20260924-6603443a/.github
446464	/opt/runr-t42-stage-20260924-6603443a/.agents
94650368	/opt/runr-t42-stage-20260924-6603443a
1175552	/opt/runr-t42-stage-20260923/apps
1736704	/opt/runr-t42-stage-20260923/screenshots
6668288	/opt/runr-t42-stage-20260923/backend
1355776	/opt/runr-t42-stage-20260923/scripts
364544	/opt/runr-t42-stage-20260923/.cline
58818560	/opt/runr-t42-stage-20260923/data
2818048	/opt/runr-t42-stage-20260923/tests
753664	/opt/runr-t42-stage-20260923/runr_automation
4558848	/opt/runr-t42-stage-20260923/docs
352256	/opt/runr-t42-stage-20260923/packages
8192	/opt/runr-t42-stage-20260923/tools
176128	/opt/runr-t42-stage-20260923/deploy
16384	/opt/runr-t42-stage-20260923/.codex
1798144	/opt/runr-t42-stage-20260923/artifacts
53248	/opt/runr-t42-stage-20260923/Company-Urls
4431872	/opt/runr-t42-stage-20260923/frontend
167936	/opt/runr-t42-stage-20260923/user_config
16384	/opt/runr-t42-stage-20260923/.github
446464	/opt/runr-t42-stage-20260923/.agents
199376896	/opt/runr-t42-stage-20260923
6500352	/opt/runr/apps
1736704	/opt/runr/screenshots
41439232	/opt/runr/backend
2162688	/opt/runr/scripts
364544	/opt/runr/.cline
48312320	/opt/runr/data
106332160	/opt/runr/tests
3366912	/opt/runr/docs
352256	/opt/runr/packages
8192	/opt/runr/tools
855703552	/opt/runr/.venv
97075200	/opt/runr/test-CV
552960	/opt/runr/deploy
364544	/opt/runr/.codex
97685504	/opt/runr/test CV
1279426560	/opt/runr/frontend
849289216	/opt/runr/releases
163840	/opt/runr/user_config
16384	/opt/runr/.github
356352	/opt/runr/.agents
3395981312	/opt/runr
5868158976	/opt
432861184	/var/lib/runr/acquisition-data/objects
7373975552	/var/lib/runr/acquisition-data
81920	/var/lib/runr/libsql-bootstrap-20261010/dbs
69632	/var/lib/runr/libsql-bootstrap-20261010/metastore
159744	/var/lib/runr/libsql-bootstrap-20261010
1982464	/var/lib/runr/customer-data
40960	/var/lib/runr/customer-backups
8192	/var/lib/runr/observability/catalog-storage
22196224	/var/lib/runr/observability
4096	/var/lib/runr/api-data/objects
3870720	/var/lib/runr/api-data
33902723072	/var/lib/runr/customer-candidate-db
8192	/var/lib/runr/customer-candidate-worker/logs
36864	/var/lib/runr/customer-candidate-worker
40960	/var/lib/runr/customer-restore-drill
24576	/var/lib/runr/rollback/rc027-boundary-20260909
290816	/var/lib/runr/rollback/rc027-repair-466541b3
335872	/var/lib/runr/rollback
4096	/var/lib/runr/customer-candidate-api
41305370624	/var/lib/runr
