"Path","AllocatedBytes","GiB","ProposedAction","EvidenceAndGate"
"/opt/runr","3395981312","3.163","Keep","Shared .venv, environment symlinks and configured frontend/monitoring/backup dependencies."
"/opt/runr.rollback","94736384","0.088","Investigate","No recovery or complete consumer evidence established; preserve pending verification."
"/opt/runr/releases/90aad26a0231063ed80111b06ad21bd18c78f3ed","270225408","0.252","Release candidate","No match in captured service/symlink evidence; process, rollback and recovery checks still required."
"/opt/runr/releases/a35a5e8ce5c0d66030266d23b854fea6abe7d8e4","270225408","0.252","Release candidate","No match in captured service/symlink evidence; process, rollback and recovery checks still required."
"/opt/runr/releases/rc027-466541b3","270045184","0.251","Release candidate","No match in captured service/symlink evidence; process, rollback and recovery checks still required."
"/opt/runr/releases/rc027-browser-15f58623","7757824","0.007","Release candidate","No match in captured service/symlink evidence; process, rollback and recovery checks still required."
"/opt/runr/releases/rc027-direct-2ab1da7f","7757824","0.007","Release candidate","No match in captured service/symlink evidence; process, rollback and recovery checks still required."
"/opt/runr/releases/rc027-discovery-42f150f5","7757824","0.007","Release candidate","No match in captured service/symlink evidence; process, rollback and recovery checks still required."
"/opt/runr/releases/rc027-final-38d59eba","7757824","0.007","Release candidate","No match in captured service/symlink evidence; process, rollback and recovery checks still required."
"/opt/runr/releases/rc027-proxy-547ff5a7","7757824","0.007","Release candidate","No match in captured service/symlink evidence; process, rollback and recovery checks still required."
"/opt/runr-description-worker","1497427968","1.395","Investigate","No recovery or complete consumer evidence established; preserve pending verification."
"/opt/runr-description-worker/releases/2a714091","95166464","0.089","Release candidate","No match in captured service/symlink evidence; process, rollback and recovery checks still required."
"/opt/runr-description-worker/releases/3ce3ef2e","95174656","0.089","Release candidate","No match in captured service/symlink evidence; process, rollback and recovery checks still required."
"/opt/runr-description-worker/releases/56b7eaff","95006720","0.088","Release candidate","No match in captured service/symlink evidence; process, rollback and recovery checks still required."
"/opt/runr-description-worker/releases/5d8b248d","95006720","0.088","Release candidate","No match in captured service/symlink evidence; process, rollback and recovery checks still required."
"/opt/runr-description-worker/releases/61b8ca15","91148288","0.085","Release candidate","No match in captured service/symlink evidence; process, rollback and recovery checks still required."
"/opt/runr-description-worker/releases/70bd6876","91148288","0.085","Release candidate","No match in captured service/symlink evidence; process, rollback and recovery checks still required."
"/opt/runr-description-worker/releases/a9c9bbfa","91086848","0.085","Release candidate","No match in captured service/symlink evidence; process, rollback and recovery checks still required."
"/opt/runr-description-worker/releases/b408d88c","95109120","0.089","Release candidate","No match in captured service/symlink evidence; process, rollback and recovery checks still required."
"/opt/runr-description-worker/releases/bbb6b9cf","95092736","0.089","Release candidate","No match in captured service/symlink evidence; process, rollback and recovery checks still required."
"/opt/runr-description-worker/releases/bcac8122","91070464","0.085","Release candidate","No match in captured service/symlink evidence; process, rollback and recovery checks still required."
"/opt/runr-description-worker/releases/d0b3ffda","95014912","0.088","Release candidate","No match in captured service/symlink evidence; process, rollback and recovery checks still required."
"/opt/runr-description-worker/releases/e402aebc","95162368","0.089","Release candidate","No match in captured service/symlink evidence; process, rollback and recovery checks still required."
"/opt/runr-description-worker/releases/e4324833","91066368","0.085","Release candidate","No match in captured service/symlink evidence; process, rollback and recovery checks still required."
"/opt/runr-description-worker/releases/e511c432","91152384","0.085","Release candidate","No match in captured service/symlink evidence; process, rollback and recovery checks still required."
"/opt/runr-description-worker/releases/ef972658","95006720","0.088","Release candidate","No match in captured service/symlink evidence; process, rollback and recovery checks still required."
"/opt/runr-description-worker/releases/f66f08cb","95002624","0.088","Release candidate","No match in captured service/symlink evidence; process, rollback and recovery checks still required."
"/opt/runr-ops","43683840","0.041","Investigate","No recovery or complete consumer evidence established; preserve pending verification."
"/opt/runr-profile-matching","68882432","0.064","Investigate","No recovery or complete consumer evidence established; preserve pending verification."
"/opt/runr-profile-matching/releases/0f0a81b29c580633c05df0f2c4843aee90821da8","13430784","0.013","Referenced; keep pending review","Service or symlink reference found; some references may be overridden or historical."
"/opt/runr-profile-matching/releases/14b71275100533a2dfda5ee9b6fd6d497acb2a0a","9232384","0.009","Release candidate","No match in captured service/symlink evidence; process, rollback and recovery checks still required."
"/opt/runr-profile-matching/releases/a620c9b4d939215742b1c7bd72899c0354467d55","9232384","0.009","Release candidate","No match in captured service/symlink evidence; process, rollback and recovery checks still required."
"/opt/runr-profile-matching/releases/b18f0e20a28adaf739ce28c2fc6ab6caa4ca53cb","9248768","0.009","Release candidate","No match in captured service/symlink evidence; process, rollback and recovery checks still required."
"/opt/runr-profile-matching/releases/bd28d77d25aa997b40d379038fef2782d1fd2435","9240576","0.009","Release candidate","No match in captured service/symlink evidence; process, rollback and recovery checks still required."
"/opt/runr-profile-matching/releases/ca12b8a5c21a0d66a5d2b25dec77017391a02d9c","9240576","0.009","Release candidate","No match in captured service/symlink evidence; process, rollback and recovery checks still required."
"/opt/runr-profile-matching/releases/d1069d2233884d7ed745039e22c40aa5c4835b65","9244672","0.009","Release candidate","No match in captured service/symlink evidence; process, rollback and recovery checks still required."
"/opt/runr-staging","80330752","0.075","Archive candidate","Historical rehearsal/staging name; dependency and verified off-host recovery checks required."
"/opt/runr-t42-stage-20260923","199376896","0.186","Archive candidate","Historical rehearsal/staging name; dependency and verified off-host recovery checks required."
"/opt/runr-t42-stage-20260924-6603443a","94650368","0.088","Archive candidate","Historical rehearsal/staging name; dependency and verified off-host recovery checks required."
"/opt/runr-t42-units-rollback-20260924","69632","0","Archive candidate","Historical rehearsal/staging name; dependency and verified off-host recovery checks required."
"/srv/runr/backups/catalog-storage-20261008","8386318336","7.81","Investigate","No recovery or complete consumer evidence established; preserve pending verification."
"/srv/runr/backups/catalog-storage-release-42effeb8c95f4d6b03810aae3e15ea25921f97b0","16384","0","Investigate","No recovery or complete consumer evidence established; preserve pending verification."
"/srv/runr/backups/catalog-storage-release-5d34149b55576c32a8c4427059281e3d7978a990","16384","0","Investigate","No recovery or complete consumer evidence established; preserve pending verification."
"/srv/runr/backups/catalog-storage-release-698698115da44b98dcaae9382ba330ff702abf55","16384","0","Investigate","No recovery or complete consumer evidence established; preserve pending verification."
"/srv/runr/backups/catalog-storage-release-7bf1a6682806b85d4cfe0f2144a8b44faef27710","32768","0","Investigate","No recovery or complete consumer evidence established; preserve pending verification."
"/srv/runr/backups/catalog-storage-release-dee730cb3b9564a83500d881ad25a75d787ca9fc","16384","0","Investigate","No recovery or complete consumer evidence established; preserve pending verification."
"/srv/runr/backups/employer","1110233088","1.034","Investigate","No recovery or complete consumer evidence established; preserve pending verification."
"/srv/runr/backups/employer/employer-20261009T055745881710Z-465c5c02efcd","555114496","0.517","Keep","One of the two retained local generations; recorded in cleanup receipts."
"/srv/runr/backups/employer/employer-20261010T055933898950Z-302b1e923f2b","555114496","0.517","Keep","One of the two retained local generations; recorded in cleanup receipts."
"/srv/runr/backups/linkedin","14622003200","13.618","Investigate","No recovery or complete consumer evidence established; preserve pending verification."
"/srv/runr/backups/linkedin/linkedin-20261009T050223741176Z-43b5b1646746","7310999552","6.809","Keep","One of the two retained local generations; recorded in cleanup receipts."
"/srv/runr/backups/linkedin/linkedin-20261010T050611407150Z-361bd2ebba86","7310999552","6.809","Keep","One of the two retained local generations; recorded in cleanup receipts."
"/srv/runr/backups/rc027","8192","0","Investigate","No recovery or complete consumer evidence established; preserve pending verification."
"/srv/runr/backups/rc027/d326726acab7fffbbf59e294629b8ef002437566","4096","0","Investigate","No recovery or complete consumer evidence established; preserve pending verification."
"/srv/runr/backups/rc027-offhost-20260909","790528","0.001","Investigate","No recovery or complete consumer evidence established; preserve pending verification."
"/srv/runr/backups/rc027-offhost-20260909/linkedin","786432","0.001","Investigate","No recovery or complete consumer evidence established; preserve pending verification."
"/srv/runr/backups/storage-release-1e88a9b4b26544061006c8d90d1e3be829e4f766","16384","0","Investigate","No recovery or complete consumer evidence established; preserve pending verification."
"/srv/runr/backups/storage-release-b756fb554d5f77c459961ead99b01d439f4e65bf","16384","0","Investigate","No recovery or complete consumer evidence established; preserve pending verification."
"/srv/runr/exports/acquisition-live-ab1a6a32","24174592","0.023","Investigate","No recovery or complete consumer evidence established; preserve pending verification."
"/srv/runr/exports/employer","565817344","0.527","Keep pending consumer review","Collector outputs or monitoring receipt inputs; broad directory deletion unsafe."
"/srv/runr/exports/linkedin","3368026112","3.137","Keep pending consumer review","Collector outputs or monitoring receipt inputs; broad directory deletion unsafe."
"/srv/runr/exports/rc027","56877056","0.053","Archive candidate","Historical rehearsal/staging name; dependency and verified off-host recovery checks required."
"/srv/runr/exports/rc027-browser-15f58623","135168","0","Archive candidate","Historical rehearsal/staging name; dependency and verified off-host recovery checks required."
"/srv/runr/exports/rc027-direct-2ab1da7f","20480","0","Archive candidate","Historical rehearsal/staging name; dependency and verified off-host recovery checks required."
"/srv/runr/exports/rc027-discovery-42f150f5","94208","0","Archive candidate","Historical rehearsal/staging name; dependency and verified off-host recovery checks required."
"/srv/runr/exports/rc027-proxy-547ff5a7","94208","0","Archive candidate","Historical rehearsal/staging name; dependency and verified off-host recovery checks required."
"/srv/runr/exports/rc027-repair-466541b3","16740352","0.016","Archive candidate","Historical rehearsal/staging name; dependency and verified off-host recovery checks required."
"/srv/runr/exports/receipts","1191936","0.001","Keep pending consumer review","Collector outputs or monitoring receipt inputs; broad directory deletion unsafe."
"/srv/runr/exports/t42-attempt05-20260924","1653915648","1.54","Archive candidate","Historical rehearsal/staging name; dependency and verified off-host recovery checks required."
"/srv/runr/exports/t42-attempt06-20260925","8192","0","Archive candidate","Historical rehearsal/staging name; dependency and verified off-host recovery checks required."
"/srv/runr/exports/t42-attempt07-20260925","8192","0","Archive candidate","Historical rehearsal/staging name; dependency and verified off-host recovery checks required."
"/srv/runr/exports/t42-attempt08-20260925","1654489088","1.541","Archive candidate","Historical rehearsal/staging name; dependency and verified off-host recovery checks required."
"/srv/runr/exports/t42-attempt09-20260925","1654476800","1.541","Archive candidate","Historical rehearsal/staging name; dependency and verified off-host recovery checks required."
"/srv/runr/exports/t42-attempt10-20260925","28672","0","Archive candidate","Historical rehearsal/staging name; dependency and verified off-host recovery checks required."
"/srv/runr/exports/t42-attempt11-20260925","78565376","0.073","Archive candidate","Historical rehearsal/staging name; dependency and verified off-host recovery checks required."
"/srv/runr/exports/t42-d21a3901","1575350272","1.467","Archive candidate","Historical rehearsal/staging name; dependency and verified off-host recovery checks required."
"/srv/runr/releases/acquisition-0c7b61f2c8f17dcd51e54e5909806ee4da300706","92217344","0.086","Referenced; keep pending review","Service or symlink reference found; some references may be overridden or historical."
"/srv/runr/releases/acquisition-142c0247df135128f385c9e6b861ee9c1cf10b7a","92282880","0.086","Referenced; keep pending review","Service or symlink reference found; some references may be overridden or historical."
"/srv/runr/releases/acquisition-1876f91a66e56e2c9e3430269629353fb76d4055","92303360","0.086","Referenced; keep pending review","Service or symlink reference found; some references may be overridden or historical."
"/srv/runr/releases/acquisition-1ddbe896464c7b48073495d8847878579765b31e","96452608","0.09","Referenced; keep pending review","Service or symlink reference found; some references may be overridden or historical."
"/srv/runr/releases/acquisition-247ba6147d229ce706e9627608794b296c1b9bbd","96251904","0.09","Referenced; keep pending review","Service or symlink reference found; some references may be overridden or historical."
"/srv/runr/releases/acquisition-2ee3b5e233c055106418c9b004b9d1983ea32684","92282880","0.086","Referenced; keep pending review","Service or symlink reference found; some references may be overridden or historical."
"/srv/runr/releases/acquisition-306bbfc6d26ee27c5ff10d5254a4403ab70df8de","95236096","0.089","Referenced; keep pending review","Service or symlink reference found; some references may be overridden or historical."
"/srv/runr/releases/acquisition-38946a90991af86bf92303cb2db622e1531654c6","92319744","0.086","Referenced; keep pending review","Service or symlink reference found; some references may be overridden or historical."
"/srv/runr/releases/acquisition-40a6ec2d20b4147194cdeeaa629e2babdf28fdb3","92295168","0.086","Referenced; keep pending review","Service or symlink reference found; some references may be overridden or historical."
"/srv/runr/releases/acquisition-42e2767541fa30c199af8faf65fe51d224ba977d","92798976","0.086","Referenced; keep pending review","Service or symlink reference found; some references may be overridden or historical."
"/srv/runr/releases/acquisition-4ae40cfd66befae195205dcdd0ecf1a4b2873435","92188672","0.086","Referenced; keep pending review","Service or symlink reference found; some references may be overridden or historical."
"/srv/runr/releases/acquisition-5cc0f83ca458d340461f4dcc851d3edbf24f8f77","96440320","0.09","Referenced; keep pending review","Service or symlink reference found; some references may be overridden or historical."
"/srv/runr/releases/acquisition-6e3168d984ab57d7cc1f2c333c9ddcfb1db13d95","92295168","0.086","Referenced; keep pending review","Service or symlink reference found; some references may be overridden or historical."
"/srv/runr/releases/acquisition-6ea686ed2a41a0b52788b42c625e99d22889f0c0","92282880","0.086","Referenced; keep pending review","Service or symlink reference found; some references may be overridden or historical."
"/srv/runr/releases/acquisition-73bdea3313e681c21c79c61b24e9d0e9dc0c158d","91738112","0.085","Referenced; keep pending review","Service or symlink reference found; some references may be overridden or historical."
"/srv/runr/releases/acquisition-7ff1683c4b72ce061000c524e127383abab5abbb","92291072","0.086","Referenced; keep pending review","Service or symlink reference found; some references may be overridden or historical."
"/srv/runr/releases/acquisition-86089cbc1e2631202802eb1c51ae62aee249ada9","95178752","0.089","Referenced; keep pending review","Service or symlink reference found; some references may be overridden or historical."
"/srv/runr/releases/acquisition-88006bc55f182c150a70a61a2d04891f1c531187","96210944","0.09","Referenced; keep pending review","Service or symlink reference found; some references may be overridden or historical."
"/srv/runr/releases/acquisition-8c150a98b70da1cb1a08786923c6d5eef8f5e252","95236096","0.089","Referenced; keep pending review","Service or symlink reference found; some references may be overridden or historical."
"/srv/runr/releases/acquisition-9efc3097d908f9e8fb3dfdf8b8501d93cab06fb6","95236096","0.089","Referenced; keep pending review","Service or symlink reference found; some references may be overridden or historical."
"/srv/runr/releases/acquisition-a82d0940f0b3fa4b68d0890b989fddb30a499ed2","96321536","0.09","Referenced; keep pending review","Service or symlink reference found; some references may be overridden or historical."
"/srv/runr/releases/acquisition-ace243203ecfbeb50c8ca3cb5a6d023df1a939e7","95219712","0.089","Referenced; keep pending review","Service or symlink reference found; some references may be overridden or historical."
"/srv/runr/releases/acquisition-ade9c3f744d08b2e837ef73ccdc741c6c7ea4ab8","91054080","0.085","Referenced; keep pending review","Service or symlink reference found; some references may be overridden or historical."
"/srv/runr/releases/acquisition-bad6e8db1731315482ac6e7bf243896cd1c07206","95223808","0.089","Referenced; keep pending review","Service or symlink reference found; some references may be overridden or historical."
"/srv/runr/releases/acquisition-c603dec6494eaf98dbf21f130e08e7a767b99b5a","91049984","0.085","Referenced; keep pending review","Service or symlink reference found; some references may be overridden or historical."
"/srv/runr/releases/acquisition-c710762bbf416f44ab89a2ece46ddcc60d8a4e2f","95178752","0.089","Referenced; keep pending review","Service or symlink reference found; some references may be overridden or historical."
"/srv/runr/releases/acquisition-d40df6d301e615c5a06364825fd19e02efa403dc","96444416","0.09","Referenced; keep pending review","Service or symlink reference found; some references may be overridden or historical."
"/srv/runr/releases/acquisition-dbc960afbb78df1adc74d488fbaae697e5f11949","95342592","0.089","Referenced; keep pending review","Service or symlink reference found; some references may be overridden or historical."
"/srv/runr/releases/acquisition-e189ebe54592ea2518359367192fcdc30b67ea5c","95236096","0.089","Referenced; keep pending review","Service or symlink reference found; some references may be overridden or historical."
"/srv/runr/releases/acquisition-f3e657a21b472cbb9253c46f80e841e8cc8685a0","95227904","0.089","Referenced; keep pending review","Service or symlink reference found; some references may be overridden or historical."
"/srv/runr/releases/acquisition-fed318c58fd93a9185b6654b44f074a95f597483","92200960","0.086","Referenced; keep pending review","Service or symlink reference found; some references may be overridden or historical."
"/srv/runr/releases/acquisition-ffd788a5c7b100283e49b2043e322ada15348336","91045888","0.085","Referenced; keep pending review","Service or symlink reference found; some references may be overridden or historical."
"/srv/runr/releases/acquisition-storage-1e88a9b4b26544061006c8d90d1e3be829e4f766","97574912","0.091","Referenced; keep pending review","Service or symlink reference found; some references may be overridden or historical."
"/srv/runr/releases/acquisition-storage-b756fb554d5f77c459961ead99b01d439f4e65bf","97505280","0.091","Referenced; keep pending review","Service or symlink reference found; some references may be overridden or historical."
"/srv/runr/releases/catalog-deduplication-df93db9d","97955840","0.091","Referenced; keep pending review","Service or symlink reference found; some references may be overridden or historical."
"/srv/runr/releases/catalog-storage-3f12d819d02bc0d5867165ca9dd21717eadb57c4","97820672","0.091","Referenced; keep pending review","Service or symlink reference found; some references may be overridden or historical."
"/srv/runr/releases/catalog-storage-42effeb8c95f4d6b03810aae3e15ea25921f97b0","97845248","0.091","Referenced; keep pending review","Service or symlink reference found; some references may be overridden or historical."
"/srv/runr/releases/catalog-storage-4620007e3207d2c8bd06b2cf73fee6083b28b853","97931264","0.091","Referenced; keep pending review","Service or symlink reference found; some references may be overridden or historical."
"/srv/runr/releases/catalog-storage-5d34149b55576c32a8c4427059281e3d7978a990","97841152","0.091","Referenced; keep pending review","Service or symlink reference found; some references may be overridden or historical."
"/srv/runr/releases/catalog-storage-698698115da44b98dcaae9382ba330ff702abf55","97878016","0.091","Referenced; keep pending review","Service or symlink reference found; some references may be overridden or historical."
"/srv/runr/releases/catalog-storage-7bf1a6682806b85d4cfe0f2144a8b44faef27710","97906688","0.091","Referenced; keep pending review","Service or symlink reference found; some references may be overridden or historical."
"/srv/runr/releases/catalog-storage-7bf1a6682806b85d4cfe0f2144a8b44faef27710-blue-policy-20261009","97968128","0.091","Referenced; keep pending review","Service or symlink reference found; some references may be overridden or historical."
"/srv/runr/releases/catalog-storage-7bf1a6682806b85d4cfe0f2144a8b44faef27710-blue-policy-20261009-v2","97959936","0.091","Referenced; keep pending review","Service or symlink reference found; some references may be overridden or historical."
"/srv/runr/releases/catalog-storage-ab1f09222aec4cc1f75132d6e1c86bcd768ec774","97918976","0.091","Referenced; keep pending review","Service or symlink reference found; some references may be overridden or historical."
"/srv/runr/releases/catalog-storage-c44e189ab4ef152377d4a3cbe1560ad5d37afeaa","97816576","0.091","Referenced; keep pending review","Service or symlink reference found; some references may be overridden or historical."
"/srv/runr/releases/catalog-storage-dee730cb3b9564a83500d881ad25a75d787ca9fc","93732864","0.087","Referenced; keep pending review","Service or symlink reference found; some references may be overridden or historical."
"/srv/runr/releases/catalog-storage-e72048fc148cbee77e236dafa1f51e447bca1ef3","97914880","0.091","Referenced; keep pending review","Service or symlink reference found; some references may be overridden or historical."
"/srv/runr/releases/catalog-storage-ebf127e35127dbd255686209a3ee7b18d767a637","97812480","0.091","Referenced; keep pending review","Service or symlink reference found; some references may be overridden or historical."
"/srv/runr/releases/catalog-storage-staged-trial-20261008","97964032","0.091","Referenced; keep pending review","Service or symlink reference found; some references may be overridden or historical."
"/srv/runr/releases/customer-4a902a31","112836608","0.105","Release candidate","No match in captured service/symlink evidence; process, rollback and recovery checks still required."
"/srv/runr/releases/customer-56deb5a5","125362176","0.117","Release candidate","No match in captured service/symlink evidence; process, rollback and recovery checks still required."
"/srv/runr/releases/customer-ebaa4147","125411328","0.117","Referenced; keep pending review","Service or symlink reference found; some references may be overridden or historical."
"/srv/runr/releases/description-483e79ac7b8bfab77b43f8d7a02d860d6454a87c","97030144","0.09","Referenced; keep pending review","Service or symlink reference found; some references may be overridden or historical."
"/srv/runr/releases/description-493d3dada2031415ffd27e8e9ef636731c8e80f8","97611776","0.091","Referenced; keep pending review","Service or symlink reference found; some references may be overridden or historical."
"/srv/runr/releases/description-60097a9838c4e3d52f119127b6cb23025e52d0da","97624064","0.091","Referenced; keep pending review","Service or symlink reference found; some references may be overridden or historical."
"/srv/runr/releases/description-77ffd7c2cb84b1fda3f11d13f7bd7595cc406167","97533952","0.091","Referenced; keep pending review","Service or symlink reference found; some references may be overridden or historical."
"/srv/runr/releases/description-88dfccd1e311855eff3dc6ee79e5b2c836f6ec1e","97611776","0.091","Referenced; keep pending review","Service or symlink reference found; some references may be overridden or historical."
"/srv/runr/releases/description-a8f85bbcefdc3027d4acc01f2652ec05fd557d22","96452608","0.09","Referenced; keep pending review","Service or symlink reference found; some references may be overridden or historical."
"/srv/runr/releases/description-b18f0e20a28adaf739ce28c2fc6ab6caa4ca53cb","97579008","0.091","Referenced; keep pending review","Service or symlink reference found; some references may be overridden or historical."
"/srv/runr/releases/publication-recovery-46f38c029e1050e49a7834fb6c2e51905e90edb1","97972224","0.091","Referenced; keep pending review","Service or symlink reference found; some references may be overridden or historical."
"/srv/runr/releases/publication-recovery-46f38c029e1050e49a7834fb6c2e51905e90edb1-blue-policy-20261009","98037760","0.091","Referenced; keep pending review","Service or symlink reference found; some references may be overridden or historical."
"/srv/runr/releases/publication-recovery-46f38c029e1050e49a7834fb6c2e51905e90edb1-blue-policy-20261009-v2","98033664","0.091","Referenced; keep pending review","Service or symlink reference found; some references may be overridden or historical."
"/srv/runr/releases/run41-0b323064e1e66134185d2876a505c4231ad34ecb-tested","94662656","0.088","Referenced; keep pending review","Service or symlink reference found; some references may be overridden or historical."
"/srv/runr/releases/run41-4979cd6d2fdca2cb1c4f284c8590fe3ddc57c218-tested","90771456","0.085","Referenced; keep pending review","Service or symlink reference found; some references may be overridden or historical."
"/srv/runr/releases/run41-56352359c65aafe8c899eb7be2dbbe44fbd391c8-tested","92119040","0.086","Referenced; keep pending review","Service or symlink reference found; some references may be overridden or historical."
"/srv/runr/releases/run41-7ffe0f8c643f780a455835777d278c6aaed23e2b-tested","90877952","0.085","Referenced; keep pending review","Service or symlink reference found; some references may be overridden or historical."
"/srv/runr/releases/run41-d686fdb71cafbb2904d906e1c5acd2f45bc8e722-tested","90877952","0.085","Referenced; keep pending review","Service or symlink reference found; some references may be overridden or historical."
"/srv/runr/shared/inputs","3460788224","3.223","Keep","Active state pointer, operational input, production database or recovery metadata."
"/srv/runr/staging/0ec76fbdfe4948488bd40a5c7b43a0db4a67a809","89944064","0.084","Archive candidate","Historical rehearsal/staging name; dependency and verified off-host recovery checks required."
"/srv/runr/staging/5affb1c2bdae25e64cd4ab9c00cfe9c691333fc7","91324416","0.085","Archive candidate","Historical rehearsal/staging name; dependency and verified off-host recovery checks required."
"/srv/runr/staging/cb920b9033bb5879a30cdff175061ea89a40eb8c","171712512","0.16","Archive candidate","Historical rehearsal/staging name; dependency and verified off-host recovery checks required."
"/srv/runr/staging/ffd788a5c7b100283e49b2043e322ada15348336","91045888","0.085","Archive candidate","Historical rehearsal/staging name; dependency and verified off-host recovery checks required."
"/srv/runr/state/enrichment","413728768","0.385","Investigate","No recovery or complete consumer evidence established; preserve pending verification."
"/srv/runr/state/versions/t42-restored-20260923","23147188224","21.557","Keep","Active state pointer, operational input, production database or recovery metadata."
"/var/lib/runr/customer-backups","40960","0","Keep","Active state pointer, operational input, production database or recovery metadata."
"/var/lib/runr/customer-candidate-db","33902723072","31.574","Keep","Active state pointer, operational input, production database or recovery metadata."
