"Path","Bytes","ProposedAction"
"ACQUISITION_REPAIR_REPORT.md","8693","Review historical content and inbound references; retain unique contracts/evidence"
"ARCHITECTURE.md","14332","Review historical content and inbound references; retain unique contracts/evidence"
"DATA_PIPELINE_IMPLEMENTATION_REPORT.md","7259","Review historical content and inbound references; retain unique contracts/evidence"
"FINAL_PRODUCTION_ACQUISITION_ACCEPTANCE_REPORT.md","10731","Review historical content and inbound references; retain unique contracts/evidence"
"PARALLEL_PRODUCT_COMPLETION_REPORT.md","13986","Review historical content and inbound references; retain unique contracts/evidence"
"PRODUCTION_DATA_PIPELINE_IMPLEMENTATION_REPORT.md","12814","Review historical content and inbound references; retain unique contracts/evidence"
"PRODUCTION_FRESH_ACQUISITION_REPORT.md","7843","Review historical content and inbound references; retain unique contracts/evidence"
"RC004_BACKFILL_REPORT.md","6663","Review historical content and inbound references; retain unique contracts/evidence"
"SCRAPER_STATUS_REPORT_2026-09-11.md","16199","Review historical content and inbound references; retain unique contracts/evidence"
"artifacts/RUNR_CHAT_PACKAGE_2026-09-12/workspace-reports/SCRAPER_STATUS_REPORT_2026-09-11.md","16199","Review historical content and inbound references; retain unique contracts/evidence"
"artifacts/RUNR_CHAT_PACKAGE_2026-09-12/workspace-reports/docs/reports/CHAT_CHANGES_AND_PRODUCTION_REGRESSION_REPORT_2026-09-12.md","5202","Review historical content and inbound references; retain unique contracts/evidence"
"artifacts/RUNR_CHAT_PACKAGE_2026-09-12/workspace-reports/docs/reports/SCRAPER_CAPACITY_AND_EFFICIENCY_REPORT_2026-09-11.md","4777","Review historical content and inbound references; retain unique contracts/evidence"
"data/audit/catalog_classification_2026-10-04/REPORT.md","15607","Review historical content and inbound references; retain unique contracts/evidence"
"data/audit/catalog_classification_2026-10-04/live_counts.json","5249","Review historical content and inbound references; retain unique contracts/evidence"
"data/audit/catalog_classification_2026-10-04/reviewed_classifications.json","13386","Review historical content and inbound references; retain unique contracts/evidence"
"data/audit/catalog_classification_2026-10-04/summary.json","5555","Review historical content and inbound references; retain unique contracts/evidence"
"data/audit/catalog_classification_2026-10-04/verification.json","18723","Review historical content and inbound references; retain unique contracts/evidence"
"data/audit/corporate_description_followup_2026-10-02/REPORT.md","7447","Review historical content and inbound references; retain unique contracts/evidence"
"data/audit/corporate_description_pilot_2026-10-02/REPORT.md","6740","Review historical content and inbound references; retain unique contracts/evidence"
"data/audit/description_length_2026-10-08.json","4295","Review historical content and inbound references; retain unique contracts/evidence"
"data/audit/filter_reference_2026-10-08/REPORT.md","3038","Review historical content and inbound references; retain unique contracts/evidence"
"data/audit/german_corporate_description_pilot_2026-10-02/REPORT.md","7274","Review historical content and inbound references; retain unique contracts/evidence"
"data/audit/job_description_model_comparison_2026-10-01/REPORT.md","219341","Review historical content and inbound references; retain unique contracts/evidence"
"data/audit/job_description_model_comparison_2026-10-01/REPORT_full_capture.md","228700","Review historical content and inbound references; retain unique contracts/evidence"
"data/audit/job_storage_2026-10-08/DEPLOYMENT_PROGRESS.md","11590","Review historical content and inbound references; retain unique contracts/evidence"
"data/audit/job_storage_2026-10-08/RECHECK.md","3081","Review historical content and inbound references; retain unique contracts/evidence"
"data/audit/job_storage_2026-10-08/REDUCTION_PLAN.md","14320","Review historical content and inbound references; retain unique contracts/evidence"
"data/audit/job_storage_2026-10-08/REPORT.md","10513","Review historical content and inbound references; retain unique contracts/evidence"
"data/audit/profile_job_matching_2026-10-07/REPORT.md","9544","Review historical content and inbound references; retain unique contracts/evidence"
"data/audit/profile_job_matching_2026-10-07/calculated-profile-desktop-chromium.png","121276","Review historical content and inbound references; retain unique contracts/evidence"
"data/audit/profile_job_matching_2026-10-07/calculated-profile-mobile-chromium.png","126016","Review historical content and inbound references; retain unique contracts/evidence"
"data/audit/profile_job_matching_2026-10-07/cards-desktop-chromium.png","83575","Review historical content and inbound references; retain unique contracts/evidence"
"data/audit/profile_job_matching_2026-10-07/cards-mobile-chromium.png","60148","Review historical content and inbound references; retain unique contracts/evidence"
"data/audit/profile_job_matching_2026-10-07/deployment-verification.json","1443","Review historical content and inbound references; retain unique contracts/evidence"
"data/audit/profile_job_matching_2026-10-07/detail-desktop-chromium.png","131282","Review historical content and inbound references; retain unique contracts/evidence"
"data/audit/profile_job_matching_2026-10-07/detail-mobile-chromium.png","140995","Review historical content and inbound references; retain unique contracts/evidence"
"data/audit/profile_job_matching_2026-10-07/filled-profile-desktop-chromium.png","141040","Review historical content and inbound references; retain unique contracts/evidence"
"data/audit/profile_job_matching_2026-10-07/filled-profile-mobile-chromium.png","125523","Review historical content and inbound references; retain unique contracts/evidence"
"data/audit/profile_job_matching_2026-10-07/live-profile-job-test.json","1356","Review historical content and inbound references; retain unique contracts/evidence"
"data/audit/publication_gap_2026-10-08/RECOVERY.md","8210","Review historical content and inbound references; retain unique contracts/evidence"
"data/audit/publication_gap_2026-10-08/REPORT.md","8070","Review historical content and inbound references; retain unique contracts/evidence"
"data/audit/publication_gap_2026-10-08/TURSO_INCIDENT.md","1779","Review historical content and inbound references; retain unique contracts/evidence"
"data/audit/publication_gap_2026-10-08/grafana_alerts/REPORT.md","4018","Review historical content and inbound references; retain unique contracts/evidence"
"data/audit/real/completeness_audit_real.json","2531","Review historical content and inbound references; retain unique contracts/evidence"
"data/audit/real/completeness_audit_real.md","2176","Review historical content and inbound references; retain unique contracts/evidence"
"data/audit/report/completeness_audit.json","4506","Review historical content and inbound references; retain unique contracts/evidence"
"data/audit/report/completeness_audit.md","1543","Review historical content and inbound references; retain unique contracts/evidence"
"data/audit/runr_readiness/2026-09-11/audit_report.md","7188","Review historical content and inbound references; retain unique contracts/evidence"
"data/audit/runr_readiness/2026-09-11/audit_summary.json","9190","Review historical content and inbound references; retain unique contracts/evidence"
"data/audit/runr_readiness/2026-09-11/bundle_manifest.md","1914","Review historical content and inbound references; retain unique contracts/evidence"
"data/audit/runr_readiness/2026-09-11/companies_readiness.csv","446433","Review historical content and inbound references; retain unique contracts/evidence"
"data/audit/runr_readiness/2026-09-11/jobs_readiness.csv","140325","Review historical content and inbound references; retain unique contracts/evidence"
"data/audit/runr_readiness/2026-09-11/production_visibility_evidence.md","1812","Review historical content and inbound references; retain unique contracts/evidence"
"data/audit/runr_readiness/2026-09-22/audit_report.md","7786","Review historical content and inbound references; retain unique contracts/evidence"
"data/audit/runr_readiness/2026-09-22/audit_summary.json","10058","Review historical content and inbound references; retain unique contracts/evidence"
"data/audit/runr_readiness/2026-09-22/catalog_join.csv","390799","Review historical content and inbound references; retain unique contracts/evidence"
"data/audit/runr_readiness/2026-09-22/companies_readiness.csv","5611368","Review historical content and inbound references; retain unique contracts/evidence"
"data/audit/runr_readiness/2026-09-22/jobs_readiness.csv","3704147","Review historical content and inbound references; retain unique contracts/evidence"
"data/audit/runr_readiness/2026-09-22/producer/completeness_audit_real.json","3364","Review historical content and inbound references; retain unique contracts/evidence"
"data/audit/runr_readiness/2026-09-22/producer/completeness_audit_real.md","2551","Review historical content and inbound references; retain unique contracts/evidence"
"data/audit/runr_readiness/2026-09-22/t33_execution_plan.json","1594","Review historical content and inbound references; retain unique contracts/evidence"
"data/audit/runr_readiness/2026-09-22/t33_reconciliation.json","3534","Review historical content and inbound references; retain unique contracts/evidence"
"data/audit/runr_readiness/2026-09-22/t33_reconciliation.md","4614","Review historical content and inbound references; retain unique contracts/evidence"
"data/audit/runr_readiness/2026-09-22/t33_reconciliation.sha256","558","Review historical content and inbound references; retain unique contracts/evidence"
"data/audit/runr_readiness/2026-09-22/t33_scope_and_plan.sha256","182","Review historical content and inbound references; retain unique contracts/evidence"
"data/audit/runr_readiness/2026-09-22/t33_scope_manifest.json","4149","Review historical content and inbound references; retain unique contracts/evidence"
"data/audit/runr_source_state/2026-09-11/RUN-31-full-job-company-analysis.md","7664","Review historical content and inbound references; retain unique contracts/evidence"
"data/audit/runr_source_state/2026-09-11/expanded_bundle_manifest.md","2924","Review historical content and inbound references; retain unique contracts/evidence"
"data/audit/runr_source_state/2026-09-11/full_source_state_audit_report.md","13044","Review historical content and inbound references; retain unique contracts/evidence"
"data/audit/runr_source_state/2026-09-11/local-data-inventory-2026-09-19.md","3930","Review historical content and inbound references; retain unique contracts/evidence"
"data/audit/runr_source_state/2026-09-11/rc023-authoritative/completeness_audit_real.json","2531","Review historical content and inbound references; retain unique contracts/evidence"
"data/audit/runr_source_state/2026-09-11/rc023-authoritative/completeness_audit_real.md","2176","Review historical content and inbound references; retain unique contracts/evidence"
"data/audit/runr_source_state/2026-09-11/source_state_inventory.md","2050","Review historical content and inbound references; retain unique contracts/evidence"
"data/audit/runr_source_state/2026-09-19/critical_recovery_ticket_research.md","3359","Review historical content and inbound references; retain unique contracts/evidence"
"data/audit/runr_source_state/2026-09-19/offhost_preservation_manifest.json","5821","Review historical content and inbound references; retain unique contracts/evidence"
"data/audit/runr_source_state/2026-09-19/offhost_preservation_runbook.md","5485","Review historical content and inbound references; retain unique contracts/evidence"
"data/audit/runr_source_state/2026-09-19/offhost_preservation_verification.json","4443","Review historical content and inbound references; retain unique contracts/evidence"
"data/audit/runr_source_state/2026-09-19/preservation-receipt.json","8853","Review historical content and inbound references; retain unique contracts/evidence"
"data/audit/runr_source_state/2026-09-19/recovery_manifest.md","6476","Review historical content and inbound references; retain unique contracts/evidence"
"data/audit/runr_source_state/2026-09-21/app-loading-performance-ticket-research.md","7103","Review historical content and inbound references; retain unique contracts/evidence"
"data/audit/white_collar_filter_pilot_2026-10-04/REPORT.md","28333","Review historical content and inbound references; retain unique contracts/evidence"
"data/audit/white_collar_filter_pilot_2026-10-04/results.json","110789","Review historical content and inbound references; retain unique contracts/evidence"
"data/audit/white_collar_filter_pilot_2026-10-04/rollback.json","2","Review historical content and inbound references; retain unique contracts/evidence"
"data/audit/white_collar_filter_pilot_2026-10-04/verification.json","1195","Review historical content and inbound references; retain unique contracts/evidence"
"docs/OPENCODE_C_HANDOFF.md","12741","Review historical content and inbound references; retain unique contracts/evidence"
"docs/OPENCODE_D_LINKEDIN_PERFORMANCE_HANDOFF.md","20699","Review historical content and inbound references; retain unique contracts/evidence"
"docs/OPENCODE_E_EMPLOYER_COMPLETENESS_HANDOFF.md","12858","Review historical content and inbound references; retain unique contracts/evidence"
"docs/OPENCODE_E_EMPLOYER_COVERAGE_REAL_REPORT.json","283946","Review historical content and inbound references; retain unique contracts/evidence"
"docs/OPENCODE_E_EMPLOYER_COVERAGE_REPORT.json","18840","Review historical content and inbound references; retain unique contracts/evidence"
"docs/OPENCODE_F_JOB_COMPLETENESS_HANDOFF.md","11325","Review historical content and inbound references; retain unique contracts/evidence"
"docs/RC009_NORMALIZATION_PUBLICATION.json","5457","Review historical content and inbound references; retain unique contracts/evidence"
"docs/RC009_NORMALIZATION_PUBLICATION.md","7865","Review historical content and inbound references; retain unique contracts/evidence"
"docs/RC010_FIRST_ACQUISITION_SLICE.md","2021","Review historical content and inbound references; retain unique contracts/evidence"
"docs/RC011_EMPLOYER_COVERAGE.md","3241","Review historical content and inbound references; retain unique contracts/evidence"
"docs/RC012_EMPLOYER_CONCURRENCY.md","2766","Review historical content and inbound references; retain unique contracts/evidence"
"docs/RC013_LINKEDIN_LIFECYCLE.md","2755","Review historical content and inbound references; retain unique contracts/evidence"
"docs/RC014_LINKEDIN_INCREMENTAL_REFRESH.md","1668","Review historical content and inbound references; retain unique contracts/evidence"
"docs/RC015_LINKEDIN_TRANSPORT_STORAGE.md","1890","Review historical content and inbound references; retain unique contracts/evidence"
"docs/RC018_WORKER_ROLES.md","2582","Review historical content and inbound references; retain unique contracts/evidence"
"docs/RC019_INTELLIGENCE_RECOVERY.md","1937","Review historical content and inbound references; retain unique contracts/evidence"
"docs/RC020_CUSTOMER_TASK_QUEUE.md","3018","Review historical content and inbound references; retain unique contracts/evidence"
"docs/RC021_PORTABLE_ARTIFACT_STORAGE.md","2537","Review historical content and inbound references; retain unique contracts/evidence"
"docs/RC022_BUILD_RELEASE_STAGING.md","8311","Review historical content and inbound references; retain unique contracts/evidence"
"docs/RC023_VPS_RUNTIME.md","7102","Review historical content and inbound references; retain unique contracts/evidence"
"docs/RC024_BACKUP_RESTORE.md","11666","Review historical content and inbound references; retain unique contracts/evidence"
"docs/RC026_BENCHMARK.md","9230","Review historical content and inbound references; retain unique contracts/evidence"
"docs/RC027_APPROVED_PILOT_PACKET.md","9642","Review historical content and inbound references; retain unique contracts/evidence"
"docs/RC027_LIVE_PILOT_RECEIPT_20260909.md","14026","Review historical content and inbound references; retain unique contracts/evidence"
"docs/RC027_LIVE_STAGING_EVIDENCE.md","18530","Review historical content and inbound references; retain unique contracts/evidence"
"docs/RC_A_HANDOFF.md","46054","Review historical content and inbound references; retain unique contracts/evidence"
"docs/RC_B_HANDOFF.md","34208","Review historical content and inbound references; retain unique contracts/evidence"
"docs/RC_CURRENT_STATUS_AND_NEXT_STEPS.md","36822","Review historical content and inbound references; retain unique contracts/evidence"
"docs/RC_C_HANDOFF.md","35748","Review historical content and inbound references; retain unique contracts/evidence"
"docs/RC_IDENTITY_RECONCILIATION_HANDOFF.md","22627","Review historical content and inbound references; retain unique contracts/evidence"
"docs/RC_PRODUCER_VERIFICATION_HANDOFF.md","7425","Review historical content and inbound references; retain unique contracts/evidence"
"docs/RC_WORKSTREAM_MANIFEST.md","19826","Review historical content and inbound references; retain unique contracts/evidence"
"docs/RUNR_PRODUCTION_COMPLETION_HANDOFF.md","8085","Review historical content and inbound references; retain unique contracts/evidence"
"docs/reports/CHAT_CHANGES_AND_PRODUCTION_REGRESSION_REPORT_2026-09-12.md","5202","Review historical content and inbound references; retain unique contracts/evidence"
"docs/reports/RUNR_PRODUCTION_COMPLETION_REPORT_2026-09-12.md","9160","Review historical content and inbound references; retain unique contracts/evidence"
"docs/reports/SCRAPER_CAPACITY_AND_EFFICIENCY_REPORT_2026-09-11.md","4777","Review historical content and inbound references; retain unique contracts/evidence"
